{"coef": [2.3542882631150923, 0.06884638950983572, 0.10183602465324491, 0.0, 0.0, 0.13065931709231515, 0.06950163043882204, 0.055586526962739594, 0.043667179730282585, 0.21147753430256036, 0.5828223926159606, 0.0, 0.0, 0.050970475125495074, 0.06795294324813127, 0.06490948537019271, 0.3247595671294795, 0.07562963582524587, 0.07747325725869728, 0.0, 0.04220313071020716, 0.0, 0.0, 0.0, 0.0, 0.0514756964680454, 0.0, 0.0, 0.0, 0.010243704179493112, 0.0, 0.0, 0.0, 0.01737524212080004, 0.11455097588617139, 0.0, 0.0, 0.0, 0.0, 0.0824178853123111, 0.0, 0.05534874470299955, 0.03004180339398678, 0.0, 0.0, 0.03136553593758656, 0.07665491897864558, 0.07187632290686215, 0.0, 0.0, 0.0, 0.0, 0.0, 0.012129902293749316, 0.015129688742038013], "intercept": [0.0]}